{"cameraMode":{"drawMode":0,"name":"Shaded","section":"Shading Mode"},"sceneLighting":false,"audioPlay":false,"sceneViewState":{"showFog":false,"showMaterialUpdate":false,"showSkybox":false,"showFlares":false,"showImageEffects":false,"showParticleSystems":false},"in2DMode":false,"pivot":{"x":-0.5066049695014954,"y":0.04160682111978531,"z":0.6963904500007629},"rotation":{"x":-0.0009923524921759964,"y":0.8784390687942505,"z":-0.0015210550045594574,"w":-0.4779834747314453},"size":0.29027944803237917,"orthographic":false}