{"cameraMode":{"drawMode":0,"name":"Shaded","section":"Shading Mode"},"sceneLighting":false,"audioPlay":false,"sceneViewState":{"showFog":false,"showMaterialUpdate":false,"showSkybox":false,"showFlares":false,"showImageEffects":false,"showParticleSystems":false},"in2DMode":false,"pivot":{"x":-0.5123515725135803,"y":0.06008116155862808,"z":0.7217548489570618},"rotation":{"x":0.011524682864546776,"y":0.15681977570056916,"z":0.001964591210708022,"w":-0.9876205325126648},"size":0.29027944803237917,"orthographic":false}