{"cameraMode":{"drawMode":0,"name":"Shaded","section":"Shading Mode"},"sceneLighting":false,"audioPlay":false,"sceneViewState":{"showFog":false,"showMaterialUpdate":false,"showSkybox":false,"showFlares":false,"showImageEffects":false,"showParticleSystems":false},"in2DMode":false,"pivot":{"x":48.11421203613281,"y":11.287562370300293,"z":-2.513962745666504},"rotation":{"x":0.07943322509527207,"y":-0.9255229830741882,"z":0.12035376578569412,"w":0.35499414801597597},"size":1.401000738143921,"orthographic":false}