{"cameraMode":{"drawMode":0,"name":"Shaded","section":"Shading Mode"},"sceneLighting":false,"audioPlay":false,"sceneViewState":{"showFog":false,"showMaterialUpdate":false,"showSkybox":false,"showFlares":false,"showImageEffects":false,"showParticleSystems":false},"in2DMode":false,"pivot":{"x":1.2741316556930543,"y":11.108707427978516,"z":31.482830047607423},"rotation":{"x":-0.1481146663427353,"y":0.5240680575370789,"z":-0.04541483893990517,"w":-0.8398497104644775},"size":2.8578836917877199,"orthographic":false}