{"cameraMode":{"drawMode":0,"name":"Shaded","section":"Shading Mode"},"sceneLighting":false,"audioPlay":false,"sceneViewState":{"showFog":false,"showMaterialUpdate":false,"showSkybox":false,"showFlares":false,"showImageEffects":false,"showParticleSystems":false},"in2DMode":false,"pivot":{"x":-0.07297572493553162,"y":0.2934553325176239,"z":0.09221296012401581},"rotation":{"x":-0.19144004583358766,"y":-0.4229799807071686,"z":0.10785189270973206,"w":-0.8807452917098999},"size":0.5172606110572815,"orthographic":false}