{"cameraMode":{"drawMode":0,"name":"Shaded","section":"Shading Mode"},"sceneLighting":true,"audioPlay":false,"sceneViewState":{"showFog":false,"showMaterialUpdate":false,"showSkybox":false,"showFlares":false,"showImageEffects":false,"showParticleSystems":false},"in2DMode":false,"pivot":{"x":10.988777160644532,"y":-3.123354911804199,"z":-3.598872661590576},"rotation":{"x":0.07090412825345993,"y":0.8153036236763,"z":-0.10234026610851288,"w":0.5657249093055725},"size":17.819990158081056,"orthographic":false}