{"cameraMode":{"drawMode":0,"name":"Shaded","section":"Shading Mode"},"sceneLighting":false,"audioPlay":false,"sceneViewState":{"showFog":false,"showMaterialUpdate":false,"showSkybox":false,"showFlares":false,"showImageEffects":false,"showParticleSystems":false},"in2DMode":false,"pivot":{"x":23.226926803588868,"y":8.470927238464356,"z":-34.89625930786133},"rotation":{"x":0.25143423676490786,"y":-0.01709659770131111,"z":-0.006770005449652672,"w":0.968598484992981},"size":2.43621563911438,"orthographic":false}