{"cameraMode":{"drawMode":0,"name":"Shaded","section":"Shading Mode"},"sceneLighting":true,"audioPlay":false,"sceneViewState":{"showFog":false,"showMaterialUpdate":false,"showSkybox":false,"showFlares":false,"showImageEffects":false,"showParticleSystems":false},"in2DMode":false,"pivot":{"x":288.5792541503906,"y":-6.2309088706970219,"z":283.9701232910156},"rotation":{"x":0.11216424405574799,"y":0.5988261699676514,"z":-0.10986056923866272,"w":0.7868757247924805},"size":27.084575653076173,"orthographic":false}