{"cameraMode":{"drawMode":0,"name":"Shaded","section":"Shading Mode"},"sceneLighting":true,"audioPlay":false,"sceneViewState":{"showFog":false,"showMaterialUpdate":false,"showSkybox":false,"showFlares":false,"showImageEffects":false,"showParticleSystems":false},"in2DMode":false,"pivot":{"x":27.61203384399414,"y":9.91695499420166,"z":-38.708580017089847},"rotation":{"x":-0.39645588397979739,"y":0.19825127720832826,"z":-0.08527234196662903,"w":-0.8929269313812256},"size":1.829935908317566,"orthographic":false}