{"cameraMode":{"drawMode":0,"name":"Shaded","section":"Shading Mode"},"sceneLighting":false,"audioPlay":false,"sceneViewState":{"showFog":false,"showMaterialUpdate":false,"showSkybox":false,"showFlares":false,"showImageEffects":false,"showParticleSystems":false},"in2DMode":false,"pivot":{"x":-0.09858192503452301,"y":10.943018913269043,"z":33.27495574951172},"rotation":{"x":-0.1263611763715744,"y":0.8677393198013306,"z":-0.15259139239788056,"w":-0.46018773317337038},"size":2.8578836917877199,"orthographic":false}