{"cameraMode":{"drawMode":0,"name":"Shaded","section":"Shading Mode"},"sceneLighting":false,"audioPlay":false,"sceneViewState":{"showFog":false,"showMaterialUpdate":false,"showSkybox":false,"showFlares":false,"showImageEffects":false,"showParticleSystems":false},"in2DMode":false,"pivot":{"x":48.08912658691406,"y":11.229483604431153,"z":-2.557720899581909},"rotation":{"x":0.07591689378023148,"y":-0.9276323914527893,"z":0.11224038898944855,"w":0.3529093265533447},"size":1.401000738143921,"orthographic":false}