{"cameraMode":{"drawMode":0,"name":"Shaded","section":"Shading Mode"},"sceneLighting":false,"audioPlay":false,"sceneViewState":{"showFog":false,"showMaterialUpdate":false,"showSkybox":false,"showFlares":false,"showImageEffects":false,"showParticleSystems":false},"in2DMode":false,"pivot":{"x":-50.802486419677737,"y":77.65126037597656,"z":12.630040168762207},"rotation":{"x":-0.11720024049282074,"y":0.5926433801651001,"z":-0.026071125641465188,"w":-0.7993250489234924},"size":0.5597795844078064,"orthographic":false}