{"cameraMode":{"drawMode":0,"name":"Shaded","section":"Shading Mode"},"sceneLighting":false,"audioPlay":false,"sceneViewState":{"showFog":false,"showMaterialUpdate":false,"showSkybox":false,"showFlares":false,"showImageEffects":false,"showParticleSystems":false},"in2DMode":false,"pivot":{"x":-49.865142822265628,"y":77.74356842041016,"z":14.426676750183106},"rotation":{"x":0.05655350908637047,"y":-0.9937496781349182,"z":0.08439254760742188,"w":0.08189088851213455},"size":0.04020959138870239,"orthographic":false}