{"cameraMode":{"drawMode":0,"name":"Shaded","section":"Shading Mode"},"sceneLighting":false,"audioPlay":false,"sceneViewState":{"showFog":false,"showMaterialUpdate":false,"showSkybox":false,"showFlares":false,"showImageEffects":false,"showParticleSystems":false},"in2DMode":false,"pivot":{"x":-0.7790001630783081,"y":-1.302181601524353,"z":5.9847612380981449},"rotation":{"x":0.33282795548439028,"y":-0.005031147971749306,"z":-0.039148639887571338,"w":0.9440866112709045},"size":7.7224602699279789,"orthographic":false}