{"cameraMode":{"drawMode":0,"name":"Shaded","section":"Shading Mode"},"sceneLighting":false,"audioPlay":false,"sceneViewState":{"showFog":false,"showMaterialUpdate":false,"showSkybox":false,"showFlares":false,"showImageEffects":false,"showParticleSystems":false},"in2DMode":false,"pivot":{"x":25.458885192871095,"y":9.898666381835938,"z":-33.81756591796875},"rotation":{"x":-0.00701891677454114,"y":-0.9623364806175232,"z":0.21539482474327088,"w":-0.17565715312957765},"size":2.3851890563964845,"orthographic":false}