{"cameraMode":{"drawMode":0,"name":"Shaded","section":"Shading Mode"},"sceneLighting":false,"audioPlay":false,"sceneViewState":{"showFog":false,"showMaterialUpdate":false,"showSkybox":false,"showFlares":false,"showImageEffects":false,"showParticleSystems":false},"in2DMode":false,"pivot":{"x":-0.5932509303092957,"y":-0.10695122182369232,"z":0.20879653096199037},"rotation":{"x":-0.34142830967903139,"y":-0.5231565237045288,"z":0.24050819873809815,"w":-0.7429773211479187},"size":0.4415872097015381,"orthographic":false}