{"cameraMode":{"drawMode":0,"name":"Shaded","section":"Shading Mode"},"sceneLighting":true,"audioPlay":false,"sceneViewState":{"showFog":false,"showMaterialUpdate":false,"showSkybox":false,"showFlares":false,"showImageEffects":false,"showParticleSystems":false},"in2DMode":false,"pivot":{"x":0.5432397723197937,"y":0.7677309513092041,"z":0.11778132617473602},"rotation":{"x":-0.2005746215581894,"y":-0.21979402005672456,"z":0.04626152664422989,"w":-0.9536440372467041},"size":0.2547655701637268,"orthographic":false}