{"cameraMode":{"drawMode":0,"name":"Shaded","section":"Shading Mode"},"sceneLighting":false,"audioPlay":false,"sceneViewState":{"showFog":false,"showMaterialUpdate":false,"showSkybox":false,"showFlares":false,"showImageEffects":false,"showParticleSystems":false},"in2DMode":false,"pivot":{"x":22.679067611694337,"y":7.462172508239746,"z":-31.610530853271486},"rotation":{"x":0.18873275816440583,"y":0.06144757196307182,"z":-0.02288310043513775,"w":0.9807248115539551},"size":2.43621563911438,"orthographic":false}