{"cameraMode":{"drawMode":0,"name":"Shaded","section":"Shading Mode"},"sceneLighting":false,"audioPlay":false,"sceneViewState":{"showFog":false,"showMaterialUpdate":false,"showSkybox":false,"showFlares":false,"showImageEffects":false,"showParticleSystems":false},"in2DMode":false,"pivot":{"x":-3.3949999809265138,"y":1.1319999694824219,"z":1.3650000095367432},"rotation":{"x":0.026586545631289483,"y":0.8438663482666016,"z":-0.042104579508304599,"w":0.5344858765602112},"size":0.2857881188392639,"orthographic":false}