{"cameraMode":{"drawMode":0,"name":"Shaded","section":"Shading Mode"},"sceneLighting":true,"audioPlay":false,"sceneViewState":{"showFog":false,"showMaterialUpdate":false,"showSkybox":false,"showFlares":false,"showImageEffects":false,"showParticleSystems":false},"in2DMode":false,"pivot":{"x":248.6943817138672,"y":1.194556713104248,"z":250.1699676513672},"rotation":{"x":-0.061958227306604388,"y":-0.4961305260658264,"z":0.055354319512844089,"w":-0.865470826625824},"size":3.436645984649658,"orthographic":false}