{"cameraMode":{"drawMode":0,"name":"Shaded","section":"Shading Mode"},"sceneLighting":false,"audioPlay":false,"sceneViewState":{"showFog":false,"showMaterialUpdate":false,"showSkybox":false,"showFlares":false,"showImageEffects":false,"showParticleSystems":false},"in2DMode":false,"pivot":{"x":-2.052626371383667,"y":1.512582540512085,"z":4.204375267028809},"rotation":{"x":0.09963924437761307,"y":-0.10875873267650604,"z":-0.02719465270638466,"w":0.9905202388763428},"size":7.7224602699279789,"orthographic":false}