{"cameraMode":{"drawMode":0,"name":"Shaded","section":"Shading Mode"},"sceneLighting":true,"audioPlay":false,"sceneViewState":{"showFog":false,"showMaterialUpdate":false,"showSkybox":false,"showFlares":false,"showImageEffects":false,"showParticleSystems":false},"in2DMode":false,"pivot":{"x":-64.16773986816406,"y":68.22911834716797,"z":26.952457427978517},"rotation":{"x":0.15752290189266206,"y":0.2212785929441452,"z":-0.06496166437864304,"w":0.9627960324287415},"size":82.39830780029297,"orthographic":false}