{"cameraMode":{"drawMode":0,"name":"Shaded","section":"Shading Mode"},"sceneLighting":false,"audioPlay":false,"sceneViewState":{"showFog":false,"showMaterialUpdate":false,"showSkybox":false,"showFlares":false,"showImageEffects":false,"showParticleSystems":false},"in2DMode":false,"pivot":{"x":-4.291714191436768,"y":0.25018030405044558,"z":1.5113213062286378},"rotation":{"x":-0.06327547132968903,"y":0.7649860978126526,"z":-0.05303843319416046,"w":-0.6404736042022705},"size":9.370198249816895,"orthographic":false}