{"cameraMode":{"drawMode":0,"name":"Shaded","section":"Shading Mode"},"sceneLighting":true,"audioPlay":false,"sceneViewState":{"showFog":false,"showMaterialUpdate":false,"showSkybox":false,"showFlares":false,"showImageEffects":false,"showParticleSystems":false},"in2DMode":false,"pivot":{"x":5.566086769104004,"y":1.815254807472229,"z":5.7543044090271},"rotation":{"x":0.1048104465007782,"y":-0.0796329453587532,"z":0.00816300604492426,"w":0.9913735389709473},"size":1.7345861196517945,"orthographic":false}