{"cameraMode":{"drawMode":0,"name":"Shaded","section":"Shading Mode"},"sceneLighting":true,"audioPlay":false,"sceneViewState":{"showFog":false,"showMaterialUpdate":false,"showSkybox":false,"showFlares":false,"showImageEffects":false,"showParticleSystems":false},"in2DMode":false,"pivot":{"x":280.7008972167969,"y":-2.6016695499420168,"z":258.8462829589844},"rotation":{"x":-0.07642600685358048,"y":-0.6181660294532776,"z":0.11801076680421829,"w":-0.7759896516799927},"size":40.010372161865237,"orthographic":false}