{"cameraMode":{"drawMode":0,"name":"Shaded","section":"Shading Mode"},"sceneLighting":true,"audioPlay":false,"sceneViewState":{"showFog":false,"showMaterialUpdate":false,"showSkybox":false,"showFlares":false,"showImageEffects":false,"showParticleSystems":false},"in2DMode":false,"pivot":{"x":250.3564910888672,"y":4.675168037414551,"z":276.9797668457031},"rotation":{"x":-0.2252536118030548,"y":-0.40381181240081789,"z":0.12206732481718064,"w":-0.8795709013938904},"size":2.63932728767395,"orthographic":false}