{"cameraMode":{"drawMode":0,"name":"Shaded","section":"Shading Mode"},"sceneLighting":true,"audioPlay":false,"sceneViewState":{"showFog":false,"showMaterialUpdate":false,"showSkybox":false,"showFlares":false,"showImageEffects":false,"showParticleSystems":false},"in2DMode":false,"pivot":{"x":262.7386169433594,"y":2.5799062252044679,"z":228.9471893310547},"rotation":{"x":-0.04861981049180031,"y":0.9882498383522034,"z":-0.15751467645168305,"w":-0.026317795738577844},"size":2.9977340698242189,"orthographic":false}