{"cameraMode":{"drawMode":0,"name":"Shaded","section":"Shading Mode"},"sceneLighting":false,"audioPlay":false,"sceneViewState":{"showFog":false,"showMaterialUpdate":false,"showSkybox":false,"showFlares":false,"showImageEffects":false,"showParticleSystems":false},"in2DMode":false,"pivot":{"x":201.49131774902345,"y":-24.979825973510743,"z":298.32135009765627},"rotation":{"x":-0.19580787420272828,"y":0.48462197184562685,"z":-0.06289604306221008,"w":-0.8525499701499939},"size":59.24166488647461,"orthographic":false}