{"cameraMode":{"drawMode":0,"name":"Shaded","section":"Shading Mode"},"sceneLighting":false,"audioPlay":false,"sceneViewState":{"showFog":false,"showMaterialUpdate":false,"showSkybox":false,"showFlares":false,"showImageEffects":false,"showParticleSystems":false},"in2DMode":false,"pivot":{"x":-4.207642555236816,"y":2.2935895919799806,"z":10.576372146606446},"rotation":{"x":-0.3824494183063507,"y":-0.27553796768188479,"z":0.12141601741313935,"w":-0.8737510442733765},"size":11.030317306518555,"orthographic":false}