{"cameraMode":{"drawMode":0,"name":"Shaded","section":"Shading Mode"},"sceneLighting":true,"audioPlay":false,"sceneViewState":{"showFog":false,"showMaterialUpdate":false,"showSkybox":false,"showFlares":false,"showImageEffects":false,"showParticleSystems":false},"in2DMode":false,"pivot":{"x":-127.3124771118164,"y":63.166664123535159,"z":-24.796321868896486},"rotation":{"x":0.12214590609073639,"y":-0.7095409035682678,"z":0.0866520032286644,"w":0.6921677589416504},"size":74.5165023803711,"orthographic":false}