{"cameraMode":{"drawMode":0,"name":"Shaded","section":"Shading Mode"},"sceneLighting":false,"audioPlay":false,"sceneViewState":{"showFog":false,"showMaterialUpdate":false,"showSkybox":false,"showFlares":false,"showImageEffects":false,"showParticleSystems":false},"in2DMode":false,"pivot":{"x":2.25,"y":2.1554999351501467,"z":-4.065000057220459},"rotation":{"x":0.19594337046146394,"y":0.21736012399196626,"z":-0.04716505482792854,"w":0.9556059837341309},"size":10.449284553527832,"orthographic":false}