{"cameraMode":{"drawMode":0,"name":"Shaded","section":"Shading Mode"},"sceneLighting":false,"audioPlay":false,"sceneViewState":{"showFog":false,"showMaterialUpdate":false,"showSkybox":false,"showFlares":false,"showImageEffects":false,"showParticleSystems":false},"in2DMode":false,"pivot":{"x":263.1092224121094,"y":1.3860266208648682,"z":264.7880859375},"rotation":{"x":0.17476649582386018,"y":-0.6341579556465149,"z":0.08002842962741852,"w":0.7519925236701965},"size":2.1639180183410646,"orthographic":false}