{"cameraMode":{"drawMode":0,"name":"Shaded","section":"Shading Mode"},"sceneLighting":false,"audioPlay":false,"sceneViewState":{"showFog":false,"showMaterialUpdate":false,"showSkybox":false,"showFlares":false,"showImageEffects":false,"showParticleSystems":false},"in2DMode":false,"pivot":{"x":-0.4649689495563507,"y":-0.18203501403331757,"z":0.4099712371826172},"rotation":{"x":-0.24194881319999696,"y":-0.6955347061157227,"z":0.2716699540615082,"w":-0.6196876168251038},"size":0.4621274769306183,"orthographic":false}