{"cameraMode":{"drawMode":0,"name":"Shaded","section":"Shading Mode"},"sceneLighting":false,"audioPlay":false,"sceneViewState":{"showFog":false,"showMaterialUpdate":false,"showSkybox":false,"showFlares":false,"showImageEffects":false,"showParticleSystems":false},"in2DMode":false,"pivot":{"x":48.49917221069336,"y":11.507616996765137,"z":-2.009866237640381},"rotation":{"x":0.04287922754883766,"y":-0.9686508774757385,"z":0.24801820516586305,"w":0.041888296604156497},"size":1.1010007858276368,"orthographic":false}